-- 使用之前创建的数据库
USE ai_sales_data;

-- 1. 清空现有数据（如果需要重新导入）
DELETE FROM order_items;
DELETE FROM sales_orders;
DELETE FROM products;
DELETE FROM customers;
DELETE FROM employees;

-- 2. 插入员工数据
INSERT INTO employees (employee_id, name, department, position, hire_date, salary, performance_score, city) VALUES
('E001', '张三', '销售部', '销售经理', '2020-03-15', 15000.00, 90, '北京'),
('E002', '李四', '技术部', '高级工程师', '2019-06-20', 18000.00, 95, '上海'),
('E003', '王五', '市场部', '市场专员', '2021-01-10', 8000.00, 85, '广州'),
('E004', '赵六', '人力资源部', '招聘主管', '2020-08-05', 12000.00, 88, '深圳'),
('E005', '刘七', '财务部', '会计', '2021-05-18', 10000.00, 92, '杭州'),
('E006', '陈八', '技术部', '产品经理', '2019-11-22', 20000.00, 94, '北京'),
('E007', '杨九', '销售部', '销售代表', '2022-02-14', 7000.00, 82, '成都'),
('E008', '孙十', '客服部', '客服主管', '2020-09-30', 11000.00, 89, '武汉'),
('E009', '周一', '市场部', '品牌经理', '2019-07-12', 16000.00, 91, '上海'),
('E010', '吴二', '技术部', '前端工程师', '2021-11-08', 14000.00, 87, '北京'),
('E011', '郑三', '销售部', '大客户经理', '2020-04-25', 17000.00, 93, '深圳'),
('E012', '冯四', '运营部', '运营专员', '2022-03-16', 9000.00, 84, '杭州'),
('E013', '卫五', '技术部', '测试工程师', '2021-08-20', 13000.00, 86, '上海'),
('E014', '蒋六', '人力资源部', '培训师', '2020-12-05', 11500.00, 88, '北京'),
('E015', '韩七', '财务部', '财务经理', '2019-05-30', 19000.00, 96, '广州');

-- 3. 插入客户数据
INSERT INTO customers (customer_id, name, age, gender, city, membership_level, registration_date, total_consumption) VALUES
('C001', '张伟', 28, '男', '北京', '黄金', '2023-01-15', 15680.50),
('C002', '李娜', 35, '女', '上海', '钻石', '2022-08-22', 28950.00),
('C003', '王芳', 42, '女', '广州', '白银', '2023-03-10', 8420.30),
('C004', '刘强', 31, '男', '深圳', '黄金', '2022-11-05', 19870.00),
('C005', '陈静', 26, '女', '杭州', '白银', '2023-05-18', 6540.80),
('C006', '赵磊', 38, '男', '成都', '钻石', '2022-06-30', 32100.00),
('C007', '杨雪', 29, '女', '武汉', '黄金', '2023-02-14', 12390.50),
('C008', '孙涛', 45, '男', '南京', '白银', '2023-04-22', 7680.00),
('C009', '周敏', 33, '女', '西安', '黄金', '2022-09-17', 16750.00),
('C010', '吴鹏', 27, '男', '重庆', '白银', '2023-06-01', 5890.20),
('C011', '徐丽', 36, '女', '天津', '钻石', '2022-07-12', 25670.00),
('C012', '郑浩', 40, '男', '苏州', '黄金', '2023-01-28', 18320.00),
('C013', '马婷', 30, '女', '长沙', '白银', '2023-05-05', 9100.50),
('C014', '朱明', 34, '男', '青岛', '黄金', '2022-10-20', 14560.00),
('C015', '胡梅', 32, '女', '大连', '钻石', '2022-12-08', 22890.00),
('C016', '郭强', 29, '男', '厦门', '白银', '2023-03-25', 7240.30),
('C017', '林芳', 37, '女', '福州', '黄金', '2022-08-14', 17650.00),
('C018', '黄军', 43, '男', '济南', '白银', '2023-04-10', 8970.00),
('C019', '钱丽', 28, '女', '合肥', '钻石', '2022-11-22', 29800.00),
('C020', '沈涛', 31, '男', '郑州', '黄金', '2023-02-05', 13450.00);

-- 4. 插入产品数据
INSERT INTO products (product_id, product_name, category, price, stock_quantity, supplier, rating, update_date) VALUES
('P001', '华为Mate60手机', '电子产品', 5999.00, 120, '华为科技', 4.8, '2024-01-15'),
('P002', '小米电视55寸', '电子产品', 2899.00, 85, '小米集团', 4.6, '2024-01-18'),
('P003', '联想笔记本电脑', '电子产品', 6499.00, 65, '联想集团', 4.7, '2024-01-20'),
('P004', '美的空调', '家用电器', 3299.00, 150, '美的集团', 4.5, '2024-01-22'),
('P005', '海尔冰箱', '家用电器', 4599.00, 95, '海尔集团', 4.7, '2024-01-25'),
('P006', '格力电风扇', '家用电器', 299.00, 300, '格力电器', 4.3, '2024-01-12'),
('P007', '苹果AirPods耳机', '电子产品', 1599.00, 200, '苹果公司', 4.9, '2024-01-28'),
('P008', '小天鹅洗衣机', '家用电器', 2199.00, 110, '美的集团', 4.4, '2024-01-16'),
('P009', '索尼数码相机', '电子产品', 8999.00, 45, '索尼中国', 4.8, '2024-01-30'),
('P010', '戴尔显示器27寸', '电子产品', 1899.00, 180, '戴尔中国', 4.5, '2024-01-14'),
('P011', '宜家书桌', '家具', 899.00, 250, '宜家中国', 4.2, '2024-01-19'),
('P012', '顾家沙发', '家具', 5999.00, 60, '顾家家居', 4.6, '2024-01-21'),
('P013', '全友衣柜', '家具', 3499.00, 80, '全友家居', 4.4, '2024-01-17'),
('P014', '九阳豆浆机', '家用电器', 399.00, 280, '九阳股份', 4.5, '2024-01-23'),
('P015', '苏泊尔电饭煲', '家用电器', 599.00, 320, '苏泊尔集团', 4.6, '2024-01-26'),
('P016', '飞利浦剃须刀', '个人护理', 799.00, 150, '飞利浦中国', 4.7, '2024-01-15'),
('P017', '松下吹风机', '个人护理', 499.00, 200, '松下电器', 4.5, '2024-01-20'),
('P018', '欧莱雅护肤套装', '美妆护理', 899.00, 180, '欧莱雅中国', 4.4, '2024-01-24'),
('P019', '耐克运动鞋', '服饰鞋包', 799.00, 250, '耐克中国', 4.6, '2024-01-22'),
('P020', '阿迪达斯运动服', '服饰鞋包', 599.00, 300, '阿迪达斯中国', 4.5, '2024-01-27');

-- 5. 插入销售订单数据
INSERT INTO sales_orders (order_id, customer_id, order_date, total_amount, order_status, payment_method, shipping_address) VALUES
('S001', 'C001', '2024-01-20', 5999.00, '已完成', '支付宝', '北京市朝阳区建国路88号'),
('S002', 'C002', '2024-01-22', 6499.00, '已完成', '微信支付', '上海市浦东新区陆家嘴环路1000号'),
('S003', 'C003', '2024-01-23', 1798.00, '配送中', '支付宝', '广州市天河区天河路208号'),
('S004', 'C001', '2024-01-24', 3198.00, '已完成', '信用卡', '北京市朝阳区建国路88号'),
('S005', 'C004', '2024-01-25', 4599.00, '已完成', '支付宝', '深圳市南山区科技园南区路18号'),
('S006', 'C005', '2024-01-26', 599.00, '待发货', '微信支付', '杭州市西湖区文三路90号'),
('S007', 'C006', '2024-01-27', 5999.00, '已完成', '支付宝', '成都市武侯区天府大道中段666号'),
('S008', 'C002', '2024-01-28', 8999.00, '已完成', '信用卡', '上海市浦东新区陆家嘴环路1000号'),
('S009', 'C007', '2024-01-29', 3299.00, '配送中', '支付宝', '武汉市江汉区解放大道686号'),
('S010', 'C008', '2024-01-30', 1598.00, '已完成', '微信支付', '南京市玄武区中山路18号'),
('S011', 'C009', '2024-02-01', 2899.00, '已完成', '支付宝', '西安市雁塔区小寨东路126号'),
('S012', 'C010', '2024-02-02', 1197.00, '待发货', '微信支付', '重庆市渝中区解放碑步行街88号'),
('S013', 'C011', '2024-02-03', 2199.00, '已完成', '信用卡', '天津市和平区南京路189号'),
('S014', 'C003', '2024-02-04', 1598.00, '配送中', '支付宝', '广州市天河区天河路208号'),
('S015', 'C012', '2024-02-05', 5999.00, '已完成', '支付宝', '苏州市姑苏区观前街168号'),
('S016', 'C013', '2024-02-06', 1196.00, '已完成', '微信支付', '长沙市岳麓区橘子洲大道36号'),
('S017', 'C014', '2024-02-07', 3798.00, '待发货', '支付宝', '青岛市市南区香港中路59号'),
('S018', 'C015', '2024-02-08', 499.00, '已完成', '微信支付', '大连市中山区人民路88号'),
('S019', 'C006', '2024-02-09', 1797.00, '已完成', '支付宝', '成都市武侯区天府大道中段666号'),
('S020', 'C016', '2024-02-10', 1798.00, '配送中', '信用卡', '厦门市思明区鹭江道8号'),
('S021', 'C017', '2024-02-11', 3499.00, '已完成', '支付宝', '福州市鼓楼区五一北路158号'),
('S022', 'C004', '2024-02-12', 2899.00, '待发货', '微信支付', '深圳市南山区科技园南区路18号'),
('S023', 'C018', '2024-02-13', 1198.00, '已完成', '支付宝', '济南市历下区泉城路180号'),
('S024', 'C019', '2024-02-14', 5999.00, '已完成', '信用卡', '合肥市包河区马鞍山路108号'),
('S025', 'C020', '2024-02-15', 1798.00, '配送中', '支付宝', '郑州市金水区花园路39号');

-- 6. 插入订单明细数据
INSERT INTO order_items (order_id, product_id, quantity, unit_price) VALUES
('S001', 'P001', 1, 5999.00),
('S002', 'P003', 1, 6499.00),
('S003', 'P011', 2, 899.00),
('S004', 'P007', 2, 1599.00),
('S005', 'P005', 1, 4599.00),
('S006', 'P015', 1, 599.00),
('S007', 'P012', 1, 5999.00),
('S008', 'P009', 1, 8999.00),
('S009', 'P004', 1, 3299.00),
('S010', 'P016', 2, 799.00),
('S011', 'P002', 1, 2899.00),
('S012', 'P014', 3, 399.00),
('S013', 'P008', 1, 2199.00),
('S014', 'P019', 2, 799.00),
('S015', 'P001', 1, 5999.00),
('S016', 'P006', 4, 299.00),
('S017', 'P010', 2, 1899.00),
('S018', 'P017', 1, 499.00),
('S019', 'P020', 3, 599.00),
('S020', 'P018', 2, 899.00),
('S021', 'P013', 1, 3499.00),
('S022', 'P002', 1, 2899.00),
('S023', 'P015', 2, 599.00),
('S024', 'P012', 1, 5999.00),
('S025', 'P011', 2, 899.00);

